character,score,total_players,per_played,string1,string2,string3,rank_accel,base_accel,additional_accel,max_accel,rank_airspeed,Air.speed,rank_fallspeed,Regular.Fall,Fast.Fall,X..Increase,Gravity,fullhop_height,shorthop_height,airjump_height,shorthop_dur,fullhop_dur,SH.Fast.Fall,FH.Fast.Fall,rank_weight,Weight,Hard.Land,Soft.Land..Universal.,rank_walkspeed,Walk.Speed,Initial.Dash,Run.Speed,Dash.Frames,Pivot.Dash.Frames,Fast.Initial.Dash,Normal.Buffer.Window,Slow.Full.Dash,Grab.Range,Attack.Range,Attack.Frames,Neutral.Getup,Roll,Jump,X.1,Fastest.Move.s.,X.2,X2nd.Fastest.Move.s.,X.3,X3rd.Fastest.Move.s.,Grab,Grab..Post.Shieldstun,Item.Throw.Forward.,Item.Throw.Back.,Jump.Z.Drop..Front.,Jump.Z.Drop.Behind.,Key
Cloud,449,190,3.66,102,55,33,46-49,0.01,0.06,0.07,19-24,1.155,25-26,1.68,2.688,60%,0.098,32.5,17,32.5,37,49,26,34,26-27,100,4,2,34-36,1.155,2.145,2.167,10,12,Frames 1—5,6—10,11,12.0,04) S-,1-22 intangible / 55 total / -25 on shield,1-33 intangible / 34 total,1-22 intangible / 45 total,1-12 intangible / 14 total,7,UpB,8,Nair,11,Uair,9,13,8,11,4,5,NA
Bayonetta,290,151,2.91,26,87,38,15-19,0.01,0.085,0.095,50-52,1.019,17-18,1.77,2.832,60%,0.12,39,21.35,42,38,50,27,35,66,81,4,2,57-58,0.945,1.936,1.76,10,12,Frames 1—5,6—10,11,12.5,07) B-,1-26 intangible / 55 total / -22 on shield,1-33 intangible / 34 total,1-21 intangible / 45 total,1-12 intangible / 14 total,6,UpB,10,"Fair, SideB (Air)",12,"Nair, Uair",7,11,10,10,4,5,"Regular: Has at least a hitbox in front, relative to model"
Terry,276,135,2.6,46,49,40,NA,NA,NA,NA,63,0.95,50-51,1.48,2.368,60%,NA,NA,NA,NA,36,46,25,32,9-11,108,4,2,71,0.85,**,1.72,10,12,NA,NA,NA,13.7,NA,NA,NA,NA,NA,7,NAir,9,Power Dunk (Air),10,"UpB, Usmash, FAir, UAir",6,10,??,??,??,??,NA
Joker,236,114,2.2,44,34,36,NA,NA,NA,NA,36,1.1,4,1.63,3.097,90%,0.127,NA,NA,NA,30,45,20,30,45,93,4,2,42,1.12,1.9,2.06,10,12,Frames 1—5,6—10,11,12.3,???,1-26 intangible / 55 total / -22 on shield,1-33 intangible / 34 total,1-24 intangible / 45 total,1-12 intangible / 14 total,8,Uair,10,"Fair, Bair, Usmash",15,"Nair, NeutralB (Air), Jab",6,10,8,11,4,5,NA
Ganondorf,225,110,2.12,36,43,31,72-73,0.01,0.03,0.04,75-76,0.83,28-33,1.65,2.64,60%,0.108,25.49,12.24,26,30,41,20,29,5,118,5,2,73,0.767,1.87,1.34,15,17,Frames 1—5,6—15,16,14.0,02) S+,1-26 intangible / 55 total / -21 on shield,1-32 intangible / 33 total,1-24 intangible / 45 total,1-12 intangible / 14 total,10,Nair,11,Uair,13,Bair,8,12,9,8,4,5,NA
Young Link,213,129,2.48,26,32,71,53-59,0.02,0.04,0.06,61,0.966,10-15,1.8,2.88,60%,0.096,33.66,16.26,33.66,36,49,24,34,57-59,88,4,2,17-19,1.26,2.09,1.749,12,14,Frames 1—5,6—12,13,29.5,19) H-,1-23 intangible / 55 total / -25 on shield,1-31 intangible / 32 total,1-26 intangible / 45 total,1-12 intangible / 14 total,7,Nair,8,Uair,9,UpB,12,16,8,10,4,5,NA
Snake,199,97,1.87,39,24,34,76-78,0.01,0.02,0.03,58-59,0.987,22,1.73,2.768,60%,0.08,21.62,13.69,34.07,37,42,23,28,17-18,106,4,2,71,0.882,1.76,1.595,10,12,Frames 1—5,6—10,11,15.5,18) H,1-27 intangible / 55 total / -20 on shield,1-33 intangible / 34 total,1-25 intangible / 45 total,1-12 intangible / 14 total,6,Dair,10,Bair,11,Usmash,8,12,8,11,4,5,NA
Inkling,194,95,1.83,35,29,31,31-40,0.01,0.07,0.08,12-16,1.208,37-40,1.58,2.528,60%,0.087,33,17.54,36.33,40,52,27,36,41-44,94,4,2,39-40,1.134,2.118,1.925,10,12,Frames 1—5,6—10,11,12.0,12) E,1-20 intangible / 55 total / -28 on shield,1-33 intangible / 34 total,1-26 intangible / 45 total,1-12 intangible / 14 total,9,"Nair, Usmash",10,Bair,12,UpB,8,12,8,11,4,5,NA
Marth,194,93,1.79,31,39,23,31-40,0.01,0.07,0.08,39-40,1.071,37-40,1.58,2.528,60%,0.075,33.66,16.26,33.66,41,55,28,38,52-54,90,4,2,1-2,1.575,2.255,1.964,10,12,Frames 1—5,6—10,11,14.5,06) B,1-25 intangible / 55 total / -23 on shield,1-33 intangible / 34 total,1-27 intangible / 45 total,1-12 intangible / 14 total,5,UpB,8,Uair,9,"Nair, Fair",6,10,10,14,4,5,NA
Roy,194,96,1.85,26,46,24,61-71,0.02,0.03,0.05,4-5,1.302,10-15,1.8,2.88,60%,0.114,30.97,13,28,30,44,20,31,37-40,95,5,2,26-30,1.208,2.2,2.145,10,12,Frames 1—5,6—10,11,14.2,06) B,1-25 intangible / 55 total / -22 on shield,1-33 intangible / 34 total,1-27 intangible / 45 total,1-12 intangible / 14 total,8,Uair,9,"Nair, UpB",12,Usmash,7,11,10,14,4,5,NA
Chrom,184,91,1.75,32,29,30,61-71,0.02,0.03,0.05,4-5,1.302,10-15,1.8,2.88,60%,0.114,30.97,13,28,30,44,20,31,37-40,95,5,2,26-30,1.208,2.2,2.145,10,12,Frames 1—5,6—10,11,14.2,06) B,1-25 intangible / 55 total / -22 on shield,1-33 intangible / 34 total,1-27 intangible / 45 total,1-12 intangible / 14 total,8,Uair,9,Nair,10,UpB,7,11,10,14,4,5,More info in the About This tab!
Link,184,92,1.77,32,28,32,61-71,0.01,0.04,0.05,69-70,0.924,5,1.6,3.04,90%,0.096,27.8,13.38,29,33,45,22,30,19-22,104,5,2,22,1.247,1.98,1.534,12,14,Frames 1—5,6—12,13,11.0,02) S+,1-22 intangible / 55 total / -26 on shield,1-33 intangible / 34 total,1-26 intangible / 45 total,1-12 intangible / 14 total,7,UpB,9,Bair,10,"Nair, Usmash",6,10,7,9,4,5,NA
Banjo & Kazooie,180,83,1.6,32,33,18,**,**,**,0.07,71,0.92,19,1.76,2.816,60%,0.11,**,**,**,36,44,25,31,17-18,106,4,2,53,1.06,1.68,2.18,10,12,Frames ??,??,??,13.2,???,???,???,???,???,9,Usmash,10,Uair,11,Bair,7,11,**,**,**,**,"Regular: Has at least a hitbox in front, relative to model"
Hero,179,91,1.75,30,28,33,52,**,0.055,**,54,1.01,41,1.57,2.512,60%,0.094,**,**,**,36,47,25,33,26,101,4,2,56,0.98,1.9,1.84,10,12,Frames **,**,**,10.3,???,???,???,???,???,7,Up B,9,Uair,11,Nair,6,10,**,**,4,5,NA
Byleth,176,86,1.66,33,24,29,72-73,0.01,0.043,0.053,72,0.89,NA,NA,NA,NA,NA,NA,NA,NA,35,45,24,31,31-33,97,4,2,56,0.97,1.8,1.43,10,**,Frames ??,??,??,12.3,???,???,???,???,???,9,NAir,11,Up B,13,"UAir, USmash",6,10,**,**,**,**,Blue bold: Left in helpless/freefall state
Ike,175,86,1.66,31,27,28,61-71,0.01,0.04,0.05,26-28,1.134,28-33,1.65,2.64,60%,0.092,29.9,16,31,37,48,26,33,12-16,107,4,2,65,0.912,1.815,1.507,10,12,Frames 1—5,6—10,11,11.5,06) B,1-21 intangible / 55 total / -26 on shield,1-33 intangible / 34 total,1-24 intangible / 45 total,1-12 intangible / 14 total,10,Bair,13,Nair,14,Fair,7,11,11,14,4,5,NA
Falco,173,84,1.62,30,29,25,9-13,0.01,0.09,0.1,60,0.977,10-15,1.8,2.88,60%,0.13,50.51,17.34,50.51,32,57,23,41,64-65,82,5,2,10,1.344,2.035,1.619,11,13,Frames 1—5,6—11,12,12.0,14) F,1-22 intangible / 55 total / -26 on shield,1-33 intangible / 34 total,1-27 intangible / 45 total,1-12 intangible / 14 total,6,Nair,7,Usmash,10,"Fair, Uair",6,10,9,12,4,5,NA
Palutena,170,82,1.58,29,30,23,5,0.01,0.105,0.115,55-56,1,42-45,1.55,2.48,60%,0.12,35.9,17.3,35.9,34,50,24,35,50-51,91,4,2,16,1.271,2.035,2.077,10,12,Frames 1—5,6—10,11,15.0,09) C-,1-25 intangible / 55 total / -23 on shield,1-33 intangible / 34 total,1-25 intangible / 45 total,1-12 intangible / 14 total,8,Nair,11,Bair,12,Fair,7,11,7,9,4,5,NA
Captain Falcon,169,81,1.56,29,30,22,41-45,0.01,0.065,0.075,11,1.218,6,1.865,2.984,60%,0.12,37.31,17.98,37.31,34,48,24,34,19-22,104,4,2,55,0.987,1.98,2.552,15,17,Frames 1—5,6—15,16,13.0,14) F,1-24 intangible / 55 total / -23 on shield,1-33 intangible / 34 total,1-23 intangible / 45 total,1-12 intangible / 14 total,10,"Nair, Uair",13,Bair,14,"UpB, Jab",6,10,8,11,4,5,Blue bold: Left in helpless/freefall state
Wolf,169,86,1.66,27,29,30,21-29,0.01,0.08,0.09,6-7,1.281,10-15,1.8,2.88,60%,0.13,32.02,15.38,30.71,30,43,21,31,46-49,92,4,2,26-30,1.208,2.09,1.54,10,12,Frames 1—5,6—10,11,12.0,13) E-,1-26 intangible / 55 total / -22 on shield,1-33 intangible / 34 total,1-24 intangible / 45 total,1-12 intangible / 14 total,10,"Nair, Fair, Uair, DownB (Air)",13,Usmash,15,Jab,6,9,8,11,4,5,NA
Ridley,169,81,1.56,31,26,24,46-49,0.01,0.06,0.07,41-44,1.05,16,1.78,2.848,60%,0.09,34,14.2,32,35,51,23,34,12-16,107,4,2,48,1.1,1.8,2.2,10,12,Frames 1—5,6—10,11,16.5,04) S-,1-23 intangible / 55 total / -24 on shield,1-33 intangible / 34 total,1-19 intangible / 45 total,1-12 intangible / 14 total,11,Nair,12,Usmash,13,"Fair, Bair",8,12,8,11,4,5,NA
Incineroar,168,84,1.62,29,26,29,46-49,0.01,0.06,0.07,72,0.88,19,1.76,2.816,60%,0.126,31.6,14.4,32.8,30,43,21,31,6-7,116,4,2,79,0.62,1.716,1.18,10,12,Frames 1—5,6—10,11,16.0,12) E,1-26 intangible / 55 total / -21 on shield,1-33 intangible / 34 total,1-18 intangible / 45 total,1-12 intangible / 14 total,8,"Nair, NeutralB (Air)",10,"Bair, Uair",11,UpB,8,11,8,11,4,5,NA
Corrin,162,73,1.41,34,21,18,61-71,0.01,0.04,0.05,50-52,1.019,28-33,1.65,2.64,60%,0.092,33,16,31,37,50,26,35,28-30,98,4,2,26-30,1.208,1.892,1.595,7,9,Frames 1—5,6—7,8,11.8,07) B-,1-21 intangible / 55 total / -27 on shield,1-33 intangible / 34 total,1-25 intangible / 45 total,1-12 intangible / 14 total,9,Nair,10,Uair,12,Fair,7,11,7,10,4,5,"If the URL has /htmlview at the end, remove it and reload for full functionality"
Pichu,161,78,1.5,28,27,23,9-13,0.01,0.09,0.1,46-48,1.029,41,1.9,2.5,31.579%,0.14,36.75,17.43,36.02,31,45,23,34,78,62,3,2,12-13,1.302,1.98,1.892,10,12,Frames 1—5,6—10,11,12.0,13) E-,1-23 intangible / 55 total / -25 on shield,1-33 intangible / 34 total,1-29 intangible / 45 total,1-10 intangible / 12 total,6,Nair,7,Uair,8,Bair,6,10,13,10,4,5,NA
Zelda,161,76,1.46,30,25,21,51,0.01,0.055,0.065,37-38,1.092,60-63,1.35,2.16,60%,0.071,31.55,15.24,31.55,41,56,29,39,63,85,4,2,64,0.914,1.958,1.43,15,17,Frames 1—5,6—15,16,15.3,15) F-,1-26 intangible / 55 total / -25 on shield,1-33 intangible / 34 total,1-27 intangible / 45 total,1-12 intangible / 14 total,6,UpB,9,"Nair, Fair, Bair, Usmash",14,NeutralB (Air),10,14,10,10,4,5,NA
Sonic,160,81,1.56,26,27,28,61-71,0.01,0.04,0.05,12-16,1.208,28-33,1.65,2.64,60%,0.09,35,16.89,35,38,53,26,37,61-62,86,4,2,7,1.444,2.31,3.85,10,12,Frames 1—5,6—10,11,12.0,12) E,1-21 intangible / 55 total / -27 on shield,1-33 intangible / 34 total,1-27 intangible / 45 total,1-12 intangible / 14 total,8,"Fair, Uair",9,Nair,14,Jab,7,11,8,11,4,5,NA
Min Min,160,74,1.43,30,26,18,NA,NA,NA,NA,74,0.85,47-49,1.5,2.432,~60%,0.11,NA,NA,NA,NA,NA,NA,NA,19-22,104,NA,NA,NA,NA,1.9,1.55,**,**,NA,NA,NA,40.0 ~,NA,NA,NA,NA,NA,7,USmash,10,UAir,11,NAir (Chakram),**,**,**,**,**,**,NA
Ken,159,89,1.71,21,28,40,74-75,0.01,0.025,0.035,29-30,1.12,53-54,1.6,2.24,40%,0.12,26,15,29.5,31,40,23,30,23-24,103,4,2,72,0.825,1.936,1.76,10,12,Frames 1—5,6—10,11,11.6,17) G-,1-26 intangible / 55 total / -21 on shield,1-33 intangible / 34 total,1-26 intangible / 45 total,1-12 intangible / 14 total,6,UpB,8,Uair,9,"Nair, Usmash",6,10,8,11,4,5,NA
Ness,159,80,1.54,24,31,25,9-13,0.01,0.09,0.1,54,1.007,66,1.31,2.096,60%,0.077,34.48,16.65,45.65,42,58,29,41,41-44,94,4,2,66,0.907,1.826,1.609,13,15,Frames 1—5,6—13,14,12.0,16) G,1-24 intangible / 55 total / -24 on shield,1-33 intangible / 34 total,1-20 intangible / 45 total,1-12 intangible / 14 total,8,Nair,10,"Usmash, DownB (Air)",11,Fair or Uair,6,10,7,11,4,5,NA
Kirby,158,67,1.29,35,21,11,15-19,0.03,0.065,0.095,74,0.84,72,1.23,1.968,60%,0.064,25.37,12.24,22,39,53,26,36,69-72,79,4,2,56,0.977,1.9,1.727,12,14,Frames 1—5,6—12,13,12.5,12) E,1-22 intangible / 55 total / -26 on shield,1-32 intangible / 33 total,1-22 intangible / 45 total,1-12 intangible / 14 total,9,Bair,12,Usmash,13,"Nair, Fair, Uair",6,10,8,11,4,5,NA
Pikachu,158,82,1.58,22,32,28,9-13,0.01,0.09,0.1,62,0.957,42-45,1.55,2.48,60%,0.095,35.5,17.12,35.5,38,53,26,37,69-72,79,4,2,12-13,1.302,1.98,2.039,13,15,Frames 1—5,6—13,14,11.9,13) E-,1-25 intangible / 55 total / -23 on shield,1-31 intangible / 32 total,1-24 intangible / 45 total,1-11 intangible / 13 total,6,Nair,7,"Bair, Uair",10,Usmash,7,11,12,14,4,5,NA
Robin,158,75,1.44,28,27,20,31-40,0.01,0.07,0.08,41-44,1.05,47-49,1.5,2.4,60%,0.089,33.21,16.02,33.21,38,52,26,36,37-40,95,4,2,59,0.936,1.815,1.265,16,18,Frames 1—5,6—16,17,13.0,08) C,1-27 intangible / 55 total / -21 on shield,1-33 intangible / 34 total,1-25 intangible / 45 total,1-12 intangible / 14 total,8,UpB,10,Nair,12,Back Air or Usmash,7,11,10,14,4,5,NA
Ryu,157,77,1.48,24,32,21,74-75,0.01,0.025,0.035,29-30,1.12,53-54,1.6,2.24,40%,0.12,26,15,29.5,31,40,23,30,23-24,103,4,2,77,0.75,1.76,1.6,10,12,Frames 1—5,6—10,11,11.6,17) G-,1-26 intangible / 55 total / -21 on shield,1-33 intangible / 34 total,1-26 intangible / 45 total,1-12 intangible / 14 total,6,UpB,7,Nair,9,"Uair, Usmash",6,10,8,11,4,5,NA
Lucina,157,76,1.46,30,21,25,31-40,0.01,0.07,0.08,39-40,1.071,37-40,1.58,2.528,60%,0.075,33.66,16.26,33.66,41,55,28,38,52-54,90,4,2,1-2,1.575,2.255,1.964,10,12,Frames 1—5,6—10,11,14.5,06) B,1-25 intangible / 55 total / -23 on shield,1-33 intangible / 34 total,1-27 intangible / 45 total,1-12 intangible / 14 total,5,UpB,8,Uair,9,"Nair, Fair",6,10,10,14,4,5,NA
Peach,157,76,1.46,26,29,21,2-4,0.04,0.08,0.12,46-48,1.029,74-75,1.19,1.904,60%,0.07,30.03,14.5,30.03,41,57,28,40,55-56,89,4,2,60-62,0.924,1.826,1.595,15,17,Frames 1—5,6—15,16,12.0,11) D-,1-20 intangible / 55 total / -28 on shield,1-31 intangible / 32 total,1-26 intangible / 45 total,1-12 intangible / 14 total,7,UpB,8,Nair,9,Bair,6,10,8,11,4,5,NA
Daisy,157,76,1.46,26,29,21,2-4,0.04,0.08,0.12,46-48,1.029,74-75,1.19,1.904,60%,0.07,30.03,14.5,30.03,41,57,28,40,55-56,89,4,2,60-62,0.924,1.826,1.595,15,17,Frames 1—5,6—15,16,12.0,11) D-,1-20 intangible / 55 total / -28 on shield,1-31 intangible / 32 total,1-26 intangible / 45 total,1-12 intangible / 14 total,7,UpB,8,Nair,9,Bair,6,10,8,11,4,5,NA
Wii Fit Trainer,155,74,1.43,31,19,24,21-29,0.01,0.08,0.09,50-52,1.019,67-69,1.3,2.08,60%,0.09,35.6,17.18,35.6,39,57,29,41,33-36,96,4,2,24,1.224,2.024,1.866,15,17,Frames 1—5,6—15,16,11.5,10) D,1-21 intangible / 55 total / -27 on shield,1-33 intangible / 34 total,1-25 intangible / 45 total,1-12 intangible / 14 total,5,UpB,8,Bair,9,Uair,6,10,10,10,4,5,NA
Ice Climbers,155,77,1.48,24,30,23,20,0.0105,0.084,0.0945,75-76,0.83,67-69,1.3,2.08,60%,0.082,34.69,16.75,34.69,41,62,29,44,46-49,92,4,2,45,1.1088,1.68,1.683,12,10,Frames 1—5,6—13,14,10.0,17) G-,1-26 intangible / 55 total / -23 on shield,1-33 intangible / 34 total,1-26 intangible / 45 total,1-12 intangible / 14 total,9,Nair,10,Uair,11,Bair,8,12,8,9,4,5,NA
Ice Climbers,155,77,1.48,24,30,23,20,0.0105,0.084,0.0945,75-76,0.83,67-69,1.3,2.08,60%,0.082,34.69,16.75,34.69,41,62,29,44,46-49,92,4,2,45,1.1088,1.68,1.53,12,10,Frames 1—5,6—13,14,10.0,17) G-,1-26 intangible / 55 total / -23 on shield,1-33 intangible / 34 total,1-26 intangible / 45 total,1-12 intangible / 14 total,9,Nair,10,Uair,11,Bair,8,12,8,9,4,5,NA
Ice Climbers,155,77,1.48,24,30,23,20,0.0105,0.084,0.0945,75-76,0.83,67-69,1.3,2.08,60%,0.082,34.69,16.75,34.69,41,62,29,44,46-49,92,4,2,53,1.008,1.68,1.683,12,10,Frames 1—5,6—13,14,10.0,17) G-,1-26 intangible / 55 total / -23 on shield,1-33 intangible / 34 total,1-26 intangible / 45 total,1-12 intangible / 14 total,9,Nair,10,Uair,11,Bair,8,12,8,9,4,5,NA
Ice Climbers,155,77,1.48,24,30,23,20,0.0105,0.084,0.0945,75-76,0.83,67-69,1.3,2.08,60%,0.082,34.69,16.75,34.69,41,62,29,44,46-49,92,4,2,53,1.008,1.68,1.53,12,10,Frames 1—5,6—13,14,10.0,17) G-,1-26 intangible / 55 total / -23 on shield,1-33 intangible / 34 total,1-26 intangible / 45 total,1-12 intangible / 14 total,9,Nair,10,Uair,11,Bair,8,12,8,9,4,5,NA
Ice Climbers,155,77,1.48,24,30,23,21-29,0.01,0.08,0.09,75-76,0.83,67-69,1.3,2.08,60%,0.082,34.69,16.75,34.69,41,62,29,44,46-49,92,4,2,45,1.1088,1.68,1.683,12,10,Frames 1—5,6—13,14,10.0,17) G-,1-26 intangible / 55 total / -23 on shield,1-33 intangible / 34 total,1-26 intangible / 45 total,1-12 intangible / 14 total,9,Nair,10,Uair,11,Bair,8,12,8,9,4,5,NA
Ice Climbers,155,77,1.48,24,30,23,21-29,0.01,0.08,0.09,75-76,0.83,67-69,1.3,2.08,60%,0.082,34.69,16.75,34.69,41,62,29,44,46-49,92,4,2,45,1.1088,1.68,1.53,12,10,Frames 1—5,6—13,14,10.0,17) G-,1-26 intangible / 55 total / -23 on shield,1-33 intangible / 34 total,1-26 intangible / 45 total,1-12 intangible / 14 total,9,Nair,10,Uair,11,Bair,8,12,8,9,4,5,NA
Ice Climbers,155,77,1.48,24,30,23,21-29,0.01,0.08,0.09,75-76,0.83,67-69,1.3,2.08,60%,0.082,34.69,16.75,34.69,41,62,29,44,46-49,92,4,2,53,1.008,1.68,1.683,12,10,Frames 1—5,6—13,14,10.0,17) G-,1-26 intangible / 55 total / -23 on shield,1-33 intangible / 34 total,1-26 intangible / 45 total,1-12 intangible / 14 total,9,Nair,10,Uair,11,Bair,8,12,8,9,4,5,NA
Ice Climbers,155,77,1.48,24,30,23,21-29,0.01,0.08,0.09,75-76,0.83,67-69,1.3,2.08,60%,0.082,34.69,16.75,34.69,41,62,29,44,46-49,92,4,2,53,1.008,1.68,1.53,12,10,Frames 1—5,6—13,14,10.0,17) G-,1-26 intangible / 55 total / -23 on shield,1-33 intangible / 34 total,1-26 intangible / 45 total,1-12 intangible / 14 total,9,Nair,10,Uair,11,Bair,8,12,8,9,4,5,NA
Isabelle,155,77,1.48,29,20,28,53-59,0.01,0.05,0.06,49,1.02,67-69,1.3,2.08,60%,0.07,32.5,15.69,32.5,42,58,29,40,57-59,88,4,2,37,1.14,1.815,1.48,10,12,Frames 1—5,6—10,11,19.0,17) G-,1-23 intangible / 55 total / -25 on shield,1-33 intangible / 34 total,1-26 intangible / 45 total,1-12 intangible / 14 total,8,Nair,9,Uair or Usmash,13,Fair,14,18,8,11,4,5,NA
Fox,154,79,1.52,24,27,28,21-29,0.01,0.08,0.09,32,1.11,1,2.1,3.36,60%,0.23,35,16.4,37,24,36,17,27,74,77,4,2,3,1.523,2.09,2.402,10,12,Frames 1—5,6—10,11,11.0,11) D-,1-21 intangible / 55 total / -27 on shield,1-33 intangible / 34 total,1-25 intangible / 45 total,1-12 intangible / 14 total,6,DownB (Air),7,Nair,8,"Dair, Usmash",6,10,8,11,4,5,NA
Jigglypuff,154,83,1.6,27,17,39,1,0.05,0.08,0.13,2,1.332,76,0.98,1.568,60%,0.053,19.79,11.26,19.79,41,51,29,35,77,68,4,2,78,0.735,1.65,1.271,13,15,Frames 1—5,6—13,14,12.0,14) F,1-23 intangible / 55 total / -26 on shield,1-33 intangible / 34 total,1-25 intangible / 45 total,1-12 intangible / 14 total,5,DownB (Air),9,Nair,10,Dair,6,10,12,12,4,5,NA
Yoshi,153,69,1.33,31,22,16,14,0.03,0.068,0.098,1,1.344,70,1.29,2.064,60%,0.08,36.09,14.43,51.56,38,60,26,42,19-22,104,4,2,26-30,1.208,1.98,2.046,14,16,Frames 1—5,6—14,15,26.0 ~,14) F,1-22 intangible / 55 total / -26 on shield,1-32 intangible / 33 total,1-22 intangible / 45 total,1-12 intangible / 14 total,6,Nair,8,Uair,11,Usmash,14,18,8,7,4,5,NA
Sheik,152,78,1.5,28,18,32,21-29,0.01,0.08,0.09,19-24,1.155,20-21,1.75,2.8,60%,0.15,39,18.75,40,32,47,23,33,73,78,4,2,5-6,1.47,2.178,2.42,7,9,Frames 1—5,6—7,8,12.5,09) C-,1-24 intangible / 55 total / -25 on shield,1-33 intangible / 34 total,1-27 intangible / 45 total,1-12 intangible / 14 total,6,Nair,7,"Bair, Uair",8,Fair,6,10,8,11,4,5,NA
Mewtwo,151,79,1.52,19,34,26,46-49,0.02,0.05,0.07,3,1.313,42-45,1.55,2.48,60%,0.082,31.11,17.5,57.35,41,52,29,35,69-72,79,5,2,17-19,1.26,2.255,2.255,10,12,Frames 1—5,6—10,11,14.3,02) S+,1-23 intangible / 55 total / -25 on shield,1-33 intangible / 34 total,1-23 intangible / 45 total,1-12 intangible / 14 total,9,Usmash,10,"Nair, Fair",13,Uair,7,11,9,11,4,5,NA
Bowser,150,70,1.35,30,20,20,61-71,0.01,0.04,0.05,19-24,1.155,17-18,1.77,2.832,60%,0.125,33,15.7,32.61,31,45,22,31,1,135,6,2,68,0.901,2.255,1.971,13,15,Frames 1—5,6—13,14,20.0,01) SS,1-24 intangible / 55 total / -23 on shield,1-33 intangible / 34 total,1-24 intangible / 45 total,1-12 intangible / 14 total,6,UpB,9,SideB (Air),11,Nair,8,12,10,13,4,5,"Green bold: Hits only behind (first), relative to model"
Simon,149,74,1.43,23,29,22,76-78,0.01,0.02,0.03,64-65,0.94,7-8,1.85,2.96,60%,0.085,30,18,29,41,51,29,36,12-16,107,4,2,74-76,0.76,1.73,1.52,10,12,Frames 1—5,6—10,11,12.0,11) D-,1-23 intangible / 55 total / -25 on shield,1-33 intangible / 34 total,1-23 intangible / 45 total,1-12 intangible / 14 total,6,UpB,11,Nair,16,Jab,10,14,8,11,4,5,NA
Richter,149,74,1.43,23,29,22,76-78,0.01,0.02,0.03,64-65,0.94,7-8,1.85,2.96,60%,0.085,30,18,29,41,51,29,36,12-16,107,4,2,74-76,0.76,1.73,1.52,10,12,Frames 1—5,6—10,11,12.0,11) D-,1-23 intangible / 55 total / -25 on shield,1-33 intangible / 34 total,1-23 intangible / 45 total,1-12 intangible / 14 total,6,UpB,11,Nair,16,Jab,10,14,8,11,4,5,NA
King Dedede,141,67,1.29,28,18,21,61-71,0.01,0.04,0.05,78,0.735,2-3,1.95,3.12,60%,0.097,32.85,16.02,32.85,36,48,24,32,3-4,127,6,2,52,1.029,1.815,1.496,10,12,Frames 1—5,6—10,11,17.0,08) C,1-26 intangible / 55 total / -21 on shield,1-33 intangible / 34 total,1-28 intangible / 45 total,1-12 intangible / 14 total,10,Nair,13,Uair,16,Fair,8,12,10,14,4,5,NA
Mario,138,72,1.39,19,28,25,31-40,0.01,0.07,0.08,12-16,1.208,47-49,1.5,2.4,60%,0.087,36.33,17.54,36.33,40,56,28,39,28-30,98,4,2,34-36,1.155,1.936,1.76,10,12,Frames 1—5,6—10,11,12.0,15) F-,1-26 intangible / 55 total / -22 on shield,1-33 intangible / 34 total,1-25 intangible / 45 total,1-12 intangible / 14 total,3,UpB,6,Nair,7,Uair,6,10,8,11,4,5,NA
Zero Suit Samus,134,66,1.27,24,20,22,15-19,0.01,0.085,0.095,9,1.26,23-25,1.7,2.72,60%,0.12,44.5,21.35,44.2,38,55,27,39,67-68,80,4,2,5-6,1.47,2.42,2.31,12,14,Frames 1—5,6—12,13,37.0,08) C,1-19 intangible / 55 total / -29 on shield,1-33 intangible / 34 total,1-25 intangible / 45 total,1-12 intangible / 14 total,4,UpB,9,"Fair, Uair",10,Usmash,15,19,7,9,4,5,NA
King K. Rool,131,70,1.35,19,23,28,61-71,0.01,0.04,0.05,63,0.945,23-25,1.7,2.72,60%,0.105,33,13.5,32.61,32,48,21,34,2,133,6,2,67,0.903,1.936,1.485,10,12,Frames 1—5,6—10,11,20.0,03) S,1-26 intangible / 55 total / -21 on shield,1-33 intangible / 34 total,1-26 intangible / 45 total,1-12 intangible / 14 total,6,Usmash,10,"Nair, Uair",11,UpB,8,12,10,13,4,5,NA
Samus,117,55,1.06,22,18,15,21-29,0.04,0.05,0.09,33-35,1.103,58-59,1.33,2.168,63.008%,0.075,37,18,37,44,61,31,43,9-11,108,4,2,43-44,1.115,1.87,1.654,10,12,Frames 1—5,6—10,11,42.2,05) A,1-27 intangible / 55 total / -21 on shield,1-31 intangible / 32 total,1-22 intangible / 45 total,1-12 intangible / 14 total,4,UpB,8,Uair,11,"Nair, Zair, Usmash",15,19,8,11,4,5,NA
Dark Samus,117,55,1.06,22,18,15,21-29,0.04,0.05,0.09,33-35,1.103,58-59,1.33,2.168,63.008%,0.075,37,18,37,44,61,31,43,9-11,108,4,2,43-44,1.115,1.87,1.654,10,15,Frames 1—5,6—10,11,42.2,05) A,1-27 intangible / 55 total / -21 on shield,1-31 intangible / 32 total,1-22 intangible / 45 total,1-12 intangible / 14 total,4,UpB,8,Uair,11,"Nair, Zair, Usmash",15,19,8,11,4,5,NA
Sephiroth,105,48,0.92,19,19,10,NA,NA,NA,NA,NA,NA,10-15,1.84,2.944,60%,NA,NA,NA,NA,NA,NA,NA,NA,69-72,79,4,2,68,0.9,1.92,1.86,**,**,NA,NA,NA,13.0,NA,NA,NA,NA,NA,12,NAir,16,FAir,16,Shield Drop > Jab,??,??,??,??,??,??,NA
Mr. Game & Watch,93,42,0.81,20,11,11,9-13,0.07,0.03,0.1,17,1.176,71,1.24,1.984,60%,0.08,27.51,13.26,27.51,36,51,25,36,75-76,75,4,2,32,1.18,1.98,1.679,8,10,Frames 1—5,6—8,9,12.5,16) G,1-26 intangible / 55 total / -22 on shield,1-33 intangible / 34 total,1-29 intangible / 45 total,1-12 intangible / 14 total,3,UpB,5,DownB (Air),10,Nair,6,10,11,11,4,5,NA
Donkey Kong,90,45,0.87,12,21,12,53-59,0.01,0.05,0.06,12-16,1.208,34,1.63,2.608,60%,0.085,34,17.3,35.5,40,53,27,37,3-4,127,NA,NA,9,1.365,2.09,1.873,15,17,Frames 1—5,6—15,16,19.5,03) S,1-25 intangible / 55 total / -22 on shield,1-33 intangible / 34 total,1-28 intangible / 45 total,1-12 intangible / 14 total,7,UpB (Air),9,Uair,10,Bair,8,12,10,14,4,5,NA
Greninja,81,41,0.79,15,10,16,31-40,0.01,0.07,0.08,10,1.239,9,1.85,2.96,60%,0.18,46,22.11,46,32,49,24,35,57-59,88,4,2,4,1.502,2.178,2.288,10,12,Frames 1—5,6—10,11,18.5,12) E,1-24 intangible / 55 total / -24 on shield,1-33 intangible / 34 total,1-25 intangible / 45 total,1-12 intangible / 14 total,8,Bair,10,Uair,12,Usmash,10,14,10,14,4,5,NA
Little Mac,79,37,0.71,16,10,11,72-73,0.01,0.03,0.04,12-16,1.208,2-3,1.95,3.12,60%,0.09,26,12.53,26,33,44,21,29,60,87,4,2,8,1.386,2.365,2.464,15,17,Frames 1—5,6—15,16,12.9,16) G,1-25 intangible / 55 total / -23 on shield,1-33 intangible / 34 total,1-25 intangible / 45 total,1-12 intangible / 14 total,3,UpB,5,Nair,8,Uair,9,13,10,11,4,5,NA
Piranha Plant,75,39,0.75,14,8,17,53-59,0.01,0.05,0.06,55-56,1,22,1.95,2.73,40%,0.14,37.4,17.5,38.52,31,45,23,34,8,112,4,2,74-76,0.76,1.82,1.72,10,12,Frames 1—5,6—10,11,14.3,03) S,1-23 intangible / 55 total / -24 on shield,1-33 intangible / 34 total,1-25 intangible / 45 total,1-12 intangible / 14 total,10,Uair or Fair,11,Nair,12,"Dair, Usmash, NeutralB (Air)",6,10,8,11,4,5,NA
Lucario,74,39,0.75,12,11,16,21-29,0.01,0.08,0.09,6-7,1.281,25-26,1.68,2.688,60%,0.084,37.62,18.19,37.62,41,56,28,38,46-49,92,4,2,46-47,1.103,2.255,1.705,10,12,Frames 1—5,6—10,11,13.5,10) D,1-20 intangible / 55 total / -28 on shield,1-33 intangible / 34 total,1-26 intangible / 45 total,1-12 intangible / 14 total,7,Dair,10,Fair,13,"Nair, Uair",7,11,8,11,4,5,NA
Luigi,68,33,0.64,11,13,9,41-45,0,0.075,0.075,77,0.77,64-65,1.32,2.112,60%,0.083,44,19.98,41.31,45,67,32,47,31-33,97,4,2,39-40,1.134,1.815,1.65,10,12,Frames 1—5,6—10,11,29.8,15) F-,1-22 intangible / 55 total / -26 on shield,1-33 intangible / 34 total,1-29 intangible / 45 total,1-12 intangible / 14 total,6,Nair,8,"Uair, UpB",9,"Bair, Usmash",14,18,8,11,4,5,NA
Mega Man,67,31,0.6,12,12,7,6-7,0.01,0.1,0.11,19-24,1.155,10-15,1.8,2.88,60%,0.107,32.8,11.49,32.8,29,47,19,33,25,102,4,2,41,1.132,1.958,1.602,10,12,Frames 1—5,6—10,11,12.5,12) E,1-26 intangible / 55 total / -22 on shield,1-33 intangible / 34 total,1-28 intangible / 45 total,1-12 intangible / 14 total,7,Bair,8,Usmash,10,Nair,6,10,11,11,4,5,NA
R.O.B,63,30,0.58,13,7,10,NA,NA,NA,NA,NA,NA,NA,NA,NA,NA,NA,NA,NA,NA,NA,NA,NA,NA,NA,NA,4,2,NA,NA,NA,NA,NA,NA,Frames 1—5,6—10,11,14.4,NA,NA,NA,NA,NA,NA,NA,NA,NA,NA,NA,NA,NA,NA,NA,NA,NA,NA
Lucas,56,26,0.5,10,10,6,15-19,0.01,0.085,0.095,19-24,1.155,57,1.37,2.192,60%,0.09,29.41,13,44.13,34,50,23,35,41-44,94,4,2,69,0.893,1.815,1.65,10,12,Frames 1—5,6—10,11,22.9,19) H-,1-24 intangible / 55 total / -24 on shield,1-33 intangible / 34 total,1-20 intangible / 45 total,1-12 intangible / 14 total,10,"Nair, Uair",12,"Fair, Zair",13,"Dair, Jab",12,16,7,11,4,5,NA
Pac-Man,56,25,0.48,11,9,5,31-40,0.01,0.07,0.08,37-38,1.092,60-63,1.35,2.16,60%,0.072,34.1,16.48,34.1,42,59,29,41,37-40,95,4,2,49,1.097,1.87,1.672,10,12,Frames 1—5,6—10,11,28.2 ~,05) A,1-22 intangible / 55 total / -26 on shield,1-30 intangible / 31 total,1-27 intangible / 45 total,1-12 intangible / 14 total,4,UpB,6,Nair,8,Fair,12,16,8,11,4,5,NA
Mii Brawler,56,28,0.54,10,8,10,50,0.01,0.058,0.068,25,1.15,23-25,1.7,2.72,60%,0.192,35,17,35.5,28,41,20,30,41-44,94,4,2,17-19,1.26,1.97,1.92,10,12,Frames 1—5,6—10,11,12.0,13) E-,1-25 intangible / 55 total / -23 on shield,1-33 intangible / 34 total,1-25 intangible / 45 total,1-12 intangible / 14 total,3,UpB(3),6,Nair,8,"Usmash, UpB(2)",6,10,8,11,4,5,NA
Toon Link,55,29,0.56,9,8,12,21-29,0.01,0.08,0.09,41-44,1.05,55-56,1.38,2.208,60%,0.081,33.8,16.32,33.8,40,56,28,39,50-51,91,4,2,14,1.288,1.914,1.906,12,14,Frames 1—5,6—12,13,28.2,15) F-,1-23 intangible / 55 total / -25 on shield,1-33 intangible / 34 total,1-20 intangible / 45 total,1-12 intangible / 14 total,6,UpB,9,"Nair, Bair",11,USmash,12,16,7,9,4,5,NA
Pit,54,26,0.5,11,6,9,41-45,0.01,0.065,0.075,66-67,0.935,50-51,1.48,2.368,60%,0.081,31,14.96,31,38,52,26,37,33-36,96,5,2,20-21,1.259,2.09,1.828,12,14,Frames 1—5,6—12,13,13.0,07) B-,1-27 intangible / 55 total / -21 on shield,1-33 intangible / 34 total,1-26 intangible / 45 total,1-12 intangible / 14 total,6,Usmash,7,Nair,13,Dair,6,10,8,11,4,5,NA
Dark Pit,54,26,0.5,11,6,9,41-45,0.01,0.065,0.075,66-67,0.935,50-51,1.48,2.368,60%,0.081,31,14.96,31,38,52,26,37,33-36,96,5,2,20-21,1.259,2.09,1.828,12,14,Frames 1—5,6—12,13,13.0,07) B-,1-27 intangible / 55 total / -21 on shield,1-33 intangible / 34 total,1-26 intangible / 45 total,1-12 intangible / 14 total,6,Usmash,7,Nair,13,Dair,6,10,8,11,4,5,NA
Shulk,52,28,0.54,9,6,13,61-71,0.01,0.04,0.05,31,1.113,37-40,1.58,2.528,60%,0.098,33.5,16.8,33.5,37,50,26,36,31-33,97,4,2,34-36,1.155,1.87,1.672,10,12,Frames 1—5,6—10,11,12.5,04) S-,1-26 intangible / 55 total / -22 on shield,1-33 intangible / 34 total,1-28 intangible / 45 total,1-12 intangible / 14 total,10,UpB,16,"Nair, Jab",17,"Fair, Uair, Dair",7,11,10,13,4,5,NA
Dr. Mario,47,25,0.48,5,12,8,52,0.007648,0.053536,0.061184,71,0.9238784,47-49,1.5,2.4,60%,0.087,30.8805,17.54,36.33,34,51,23,35,28-30,98,4,2,63,0.917301,1.5375712,1.397792,10,12,Frames 1—5,6—10,11,12.0,15) F-,1-26 intangible / 55 total / -21 on shield,1-33 intangible / 34 total,1-25 intangible / 45 total,1-12 intangible / 14 total,3,UpB,6,Nair,7,Uair,6,10,8,11,4,5,NA
Rosalina,46,23,0.44,9,5,9,6-7,0.01,0.1,0.11,41-44,1.05,73,1.2,1.92,60%,0.062,40,19.37,40,50,71,36,49,64-65,82,4,2,38,1.138,2.035,1.795,15,17,Frames 1—5,6—15,16,14.0,07) B-,1-21 intangible / 55 total / -27 on shield,1-33 intangible / 34 total,1-25 intangible / 45 total,1-12 intangible / 14 total,8,Usmash,9,Uair,10,Nair,7,11,8,11,4,5,NA
Duck Hunt,45,24,0.46,7,7,10,31-40,0.01,0.07,0.08,19-24,1.155,28-33,1.65,2.64,60%,0.076,34,16.48,33.8,41,55,28,37,61-62,86,4,2,25,1.213,1.76,1.793,10,12,Frames 1—5,6—10,11,14.5,10) D,1-20 intangible / 55 total / -28 on shield,1-33 intangible / 34 total,1-23 intangible / 45 total,1-10 intangible / 12 total,9,"Nair, Uair",10,"Fair, Bair",12,Usmash,6,10,6,11,4,5,NA
Bowser Jr.,45,19,0.37,11,4,4,31-40,0.01,0.07,0.08,26-28,1.134,28-33,1.65,2.64,60%,0.092,34.4,16.59,34.4,38,52,26,36,9-11,108,4,2,60-62,0.924,1.76,1.566,10,12,Frames 1—5,6—10,11,18.0,10) D,1-26 intangible / 55 total / -21 on shield,1-33 intangible / 34 total,1-27 intangible / 45 total,1-12 intangible / 14 total,7,Usmash,9,Uair,10,Nair,11,15,8,11,4,5,"Pink bold: Hits only above (first), relative to model"
Mii Gunner,44,21,0.4,8,7,6,60,0.01,0.043,0.053,68,0.93,52,1.45,2.32,60%,0.098,30.9,14.6,32.3,34,49,24,35,19-22,104,4,2,54,1,1.613,1.37,8,10,Frames 1—5,6—8,9,14.8,06) B,1-22 intangible / 55 total / -26 on shield,1-33 intangible / 34 total,1-22 intangible / 45 total,1-12 intangible / 14 total,6,UpB(2) or Echo Reflector (air),11,"Nair, Usmash",12,"Bair, UpB(1)",6,10,8,11,4,5,NA
Villager,43,20,0.39,9,5,6,53-59,0.01,0.05,0.06,58-59,0.987,64-65,1.32,2.112,60%,0.078,32.5,15.69,32.5,40,56,28,39,46-49,92,4,2,50,1.092,1.815,1.397,13,15,Frames 1—5,6—13,14,19.0,14) F,1-25 intangible / 55 total / -23 on shield,1-33 intangible / 34 total,1-24 intangible / 45 total,1-12 intangible / 14 total,6,Nair,9,Uair,12,Usmash,14,18,11,11,4,5,NA
Meta Knight,42,21,0.4,4,13,4,41-45,0.01,0.065,0.075,45,1.04,27,1.66,2.656,60%,0.11,32,13.92,28.93,31,47,22,33,67-68,80,4,2,23,1.239,2.211,2.09,12,14,Frames 1—5,6—12,13,11.5,11) D-,1-27 intangible / 55 total / -21 on shield,1-33 intangible / 34 total,1-27 intangible / 45 total,1-12 intangible / 14 total,7,Dair,8,"Usmash, UpB",9,"Nair, Uair",7,11,8,11,4,5,NA
Wario,41,21,0.4,6,8,7,2-4,0.04,0.08,0.12,8,1.271,35,1.61,2.576,60%,0.107,30.5,14.7,30.5,33,46,23,32,12-16,107,4,2,70,0.889,1.837,1.65,12,14,Frames 1—5,6—12,13,14.0,10) D,1-20 intangible / 55 total / -27 on shield,1-33 intangible / 34 total,1-26 intangible / 45 total,1-12 intangible / 14 total,6,UpB,7,Nair,8,Fair,8,12,10,14,4,5,NA
Mii Sword Fighter,31,16,0.31,4,7,5,53-59,0.01,0.05,0.06,18,1.17,42-45,1.55,2.48,60%,0.106,28.3,12.3,28.3,30,45,20,32,26-27,100,5,2,51,1.07,1.74,1.58,12,14,Frames 1—5,6—12,13,12.0,08) C,1-24 intangible / 55 total / -24 on shield,1-33 intangible / 34 total,1-25 intangible / 45 total,1-12 intangible / 14 total,8,UpB(3),11,Usmash,13,UpB(1),6,10,10,14,4,5,NA
Diddy Kong,27,15,0.29,3,6,6,61-71,0,0.05,0.05,69-70,0.924,20-21,1.75,2.8,60%,0.125,41.21,19.9,41.21,36,51,26,36,52-54,90,4,2,11,1.313,2.09,2.006,10,12,Frames 1—5,6—10,11,11.5,08) C,1-25 intangible / 55 total / -23 on shield,1-33 intangible / 34 total,1-26 intangible / 45 total,1-12 intangible / 14 total,5,Usmash,8,"Bair, UpB",9,Fair,7,11,7,9,4,5,NA
Pyra,26,13,0.25,6,1,6,NA,NA,NA,NA,NA,NA,NA,NA,NA,NA,0.078,NA,NA,NA,NA,NA,NA,NA,NA,NA,NA,NA,NA,NA,NA,NA,NA,NA,NA,NA,NA,NA,NA,NA,NA,NA,NA,NA,NA,NA,NA,NA,NA,NA,NA,NA,NA,NA,NA,NA
Mythra,26,13,0.25,6,1,6,NA,NA,NA,NA,NA,NA,NA,NA,NA,NA,0.137,NA,NA,NA,NA,NA,NA,NA,NA,NA,NA,NA,NA,NA,NA,NA,NA,NA,NA,NA,NA,NA,NA,NA,NA,NA,NA,NA,NA,NA,NA,NA,NA,NA,NA,NA,NA,NA,NA,NA
Olimar,24,12,0.23,3,6,3,31-40,0.01,0.07,0.08,73,0.861,60-63,1.35,2.16,60%,0.068,33.5,16.19,33.5,43,59,30,41,69-72,79,4,2,57-58,0.945,1.606,1.617,10,12,Frames 1—5,6—10,11,NA,11) D-,1-21 intangible / 55 total / -27 on shield,1-33 intangible / 34 total,1-27 intangible / 45 total,1-12 intangible / 14 total,10,"Nair, Fair",11,Uair,12,"Dair, Usmash",12,16,8,11,4,5,NA
Steve,15,9,0.17,2,2,5,61-71,**,**,0.05,73,0.86,53-54,1.42,2.272,60%,0.07,NA,NA,NA,NA,NA,NA,NA,46-49,92,NA,NA,71,0.85,1.45,1.45,**,**,NA,NA,NA,31.9,NA,NA,NA,NA,NA,NA,NA,NA,NA,NA,NA,NA,NA,NA,NA,NA,NA,NA
Squirtle,NA,NA,NA,NA,NA,NA,8,0.01,0.095,0.105,53,1.01,60-63,1.35,2.16,60%,0.128,35.35,17.03,35.35,34,51,24,37,75-76,75,4,2,15,1.281,1.936,1.76,10,12,NA,NA,NA,14.0,18) H,1-30 intangible / 55 total / -18 on shield,1-33 intangible / 34 total,1-23 intangible / 45 total,1-10 intangible / 12 total,7,Nair,8,"Fair, Bair, Uair",9,"UpB, Dair",6,10,8,11,4,5,NA
Ivysaur,NA,NA,NA,NA,NA,NA,15-19,0.01,0.085,0.095,57,0.998,55-56,1.38,2.208,60%,0.082,32.25,15.58,32.25,39,54,27,38,33-36,96,4,2,46-47,1.103,1.903,1.595,10,12,NA,NA,NA,23.0,15) F-,1-23 intangible / 55 total / -25 on shield,1-33 intangible / 34 total,1-20 intangible / 45 total,1-12 intangible / 14 total,10,"Nair, Bair, NeutralB (Air)",14,Dair,15,"Uair, UpB, Dtilt",13,17,8,11,4,5,NA
R.O.B.,NA,NA,NA,NA,NA,NA,30,0.04,0.045,0.085,26-28,1.134,36,1.6,2.56,60%,0.09,38,18.38,38,40,56,28,38,17-18,106,NA,NA,33,1.178,2.002,1.725,10,12,NA,NA,NA,NA,06) B,1-22 intangible / 55 total / -26 on shield,1-33 intangible / 34 total,1-27 intangible / 45 total,1-12 intangible / 14 total,9,Fair,10,"Uair, Usmash",14,"Jab, Dtilt",6,10,7,9,4,5,NA
Charizard,NA,NA,NA,NA,NA,NA,53-59,0.01,0.05,0.06,33-35,1.103,46,1.52,2.432,60%,0.11,32,15.43,36,33,48,24,34,6-7,116,5,2,31,1.187,2.288,2.2,10,12,NA,NA,NA,21.4,03) S,1-26 intangible / 55 total / -21 on shield,1-33 intangible / 34 total,1-21 intangible / 45 total,1-12 intangible / 14 total,6,Usmash,9,UpB,11,"Nair, Fair",8,12,10,14,4,5,NA
DK,NA,NA,NA,NA,NA,NA,NA,NA,NA,NA,NA,NA,NA,NA,NA,NA,NA,NA,NA,NA,NA,NA,NA,NA,NA,NA,5,2,NA,NA,NA,NA,NA,NA,NA,NA,NA,NA,NA,NA,NA,NA,NA,NA,NA,NA,NA,NA,NA,NA,NA,NA,NA,NA,NA,NA
